DateTime,Latitude,Longitude,Air_Temp_C,Wind_Speed,Chlorophyll_ug_l,Water_Temp_C,Salinity_PSU
3/9/25 19:00,32.37004953,-64.69591191,18.19924812,2.365544824,0.079265046,24.93533264,13.13776701
3/9/25 20:00,32.37708928,-64.69307613,17.39701389,8.819723056,0.21123,22.33375717,22.64772378
3/9/25 21:00,32.31675477,-64.58796942,17.15070833,4.253466111,0.892983333,19.46003856,36.72720206
3/9/25 22:00,32.16551526,-64.48800069,17.19840833,2.631858611,0.830844444,19.50470011,36.71841278
3/9/25 23:00,32.01486123,-64.39118108,17.30202222,2.898641667,0.857927222,19.86480672,36.76765789
3/10/25,31.86775376,-64.29192701,17.30764657,1.983155321,0.620837222,19.70524322,36.75417583
3/10/25 1:00,31.72047663,-64.2061892,17.63835556,4.211495,0.355163333,20.62149683,36.8567305
3/10/25 2:00,31.66782365,-64.1603766,17.77977778,8.579210833,0.305065556,20.68432361,36.86248406
3/10/25 3:00,31.66723673,-64.158304,17.81166111,7.581770556,0.261794444,20.80715806,36.87274417
3/10/25 4:00,31.65018196,-64.18782023,17.65842222,8.048273333,0.503946667,20.49071344,36.82796
3/10/25 5:00,31.64352543,-64.20095723,17.53391389,11.58215222,0.576931667,20.42811283,36.82144483
3/10/25 6:00,31.63772562,-64.21722722,17.31532778,8.834269444,0.464505556,20.53813833,36.84538183
3/10/25 7:00,31.63922108,-64.2207089,17.50511944,9.069026667,0.438442222,20.57401839,36.848249
3/10/25 8:00,31.6589942,-64.18180124,17.48715833,10.03700306,0.619284444,20.42448606,36.82018144
3/10/25 9:00,31.67521904,-64.17321348,17.39705278,10.67743194,0.590238333,20.43513933,36.82370744
3/10/25 10:00,31.68588303,-64.18024113,17.32537222,10.43028333,0.4977,20.55219639,36.85480494
3/10/25 11:00,31.6996267,-64.18543053,17.42080278,7.16484,0.438332222,20.59917678,36.85875656
3/10/25 12:00,31.66872267,-64.16989526,17.59787222,6.854036389,0.482533889,20.42614611,36.81905589
3/10/25 13:00,31.67276469,-64.16192658,17.87579167,4.817535833,0.422259444,20.41891883,36.81168344
3/10/25 14:00,31.68118645,-64.1577997,18.06194167,4.139633056,0.341681111,20.47551461,36.81326667
3/10/25 15:00,31.69225424,-64.15280834,18.32155278,1.7413325,0.326713333,20.56763967,36.81749283
3/10/25 16:00,31.68869259,-64.15292614,18.39645278,2.920079167,0.279081111,20.67469267,36.81846622
3/10/25 17:00,31.68645921,-64.15444273,18.17645556,3.245828611,0.349168333,20.78180633,36.82106883
3/10/25 18:00,31.68884233,-64.15597232,18.40940556,2.668288056,0.508741111,20.71851306,36.81965467
3/10/25 19:00,31.71385157,-64.15937045,18.59045,3.17324,0.433207222,20.75838333,36.83551094
3/10/25 20:00,31.7142803,-64.14934111,18.29379722,7.740453889,0.579765,20.71522011,36.83199544
3/10/25 21:00,31.70306894,-64.14187478,18.52662778,7.426581389,0.765584444,20.54729056,36.817968
3/10/25 22:00,31.72083796,-64.13352875,18.35283611,6.1422575,0.627670556,20.54805711,36.8230375
3/10/25 23:00,31.74422014,-64.12079215,18.37110833,8.580317222,0.467915556,20.64477344,36.84243172
3/11/25,31.72513193,-64.13405102,18.665625,7.463293611,0.583797778,20.50857056,36.81868411
3/11/25 1:00,31.72832895,-64.14144807,19.11466389,10.60192611,0.465990556,20.57000822,36.84747739
3/11/25 2:00,31.73317741,-64.14622976,18.90014167,13.14609139,0.420873333,20.59611089,36.85044567
3/11/25 3:00,31.73589723,-64.15440084,18.69590278,15.09353389,0.390653889,20.56565722,36.84193344
3/11/25 4:00,31.73718419,-64.16439257,18.453875,16.17424472,0.395006111,20.44551944,36.82087956
3/11/25 5:00,31.73984247,-64.14701149,18.13281389,20.69979917,0.40392,20.497401,36.79851328
3/11/25 6:00,31.74416508,-64.14746608,18.71018333,17.6342425,0.388348333,20.47970133,36.78500011
3/11/25 7:00,31.7491983,-64.15900582,20.31223333,9.415364444,0.419609444,20.3962555,36.80518628
3/11/25 8:00,31.74997659,-64.13553998,21.12178611,12.35202028,0.396319444,20.50282411,36.80978039
3/11/25 9:00,31.7472554,-64.10592937,20.74833333,17.61959222,0.431246667,20.55721556,36.82413383
3/11/25 10:00,31.74304963,-64.09344101,20.89926944,19.99010528,0.513116111,20.51368994,36.798362
3/11/25 11:00,31.74888738,-64.08512151,21.47257778,20.82320583,0.612299444,20.50454011,36.80781278
3/11/25 12:00,31.75397371,-64.08001901,21.25465,17.92866389,0.586525,20.53823444,36.82179289
3/11/25 13:00,31.77551592,-64.08109956,20.92277222,17.19849056,0.513294444,20.5564515,36.82892422
3/11/25 14:00,31.77093097,-64.07598751,21.50805556,17.9105,0.386732222,20.58119161,36.82554744
3/11/25 15:00,31.78731417,-64.05830033,22.01075556,22.66632222,0.301693333,20.53853089,36.81663011
3/11/25 16:00,31.77288276,-64.05964783,21.88603333,23.37674444,0.363046667,20.61113922,36.82506211
3/11/25 17:00,31.78699021,-64.04731239,21.81109444,27.26369444,0.504203889,20.60027467,36.82586289
3/11/25 18:00,31.78402963,-64.02577678,21.69926389,31.81291667,0.671683889,20.54487328,36.81657811
3/11/25 19:00,31.76924468,-64.03087123,21.64930556,28.83013611,0.636151667,20.5712105,36.82418378
3/11/25 20:00,31.7485419,-64.03650983,21.61716389,27.81285556,0.668341667,20.48939222,36.80873494
3/11/25 21:00,31.77931514,-64.02103307,21.65712778,23.62875,0.643997222,20.54148078,36.81935478
3/11/25 22:00,31.7930679,-64.00423987,21.33064444,37.42009444,0.651464444,20.60625872,36.8169175
3/11/25 23:00,31.77174333,-64.00062145,21.21119722,36.45266389,0.569507222,20.53432606,36.81347161
3/12/25,31.75618991,-64.0047833,21.26262222,35.18509444,0.515436667,20.5305215,36.8299705
3/12/25 1:00,31.76166281,-64.00490757,22.13406111,25.43261111,0.48052,20.55875189,36.84142122
3/12/25 2:00,31.80843814,-64.0009843,20.59897778,29.74236389,0.560582778,20.50062656,36.81643722
3/12/25 3:00,31.79005566,-64.02144316,20.90683611,26.06894444,0.536631111,20.43740389,36.82182872
3/12/25 4:00,31.7653901,-64.03926598,20.62490278,29.11221944,0.493448333,20.37337333,36.82661272
3/12/25 5:00,31.73762163,-64.05216923,20.06519167,29.37769167,0.499739444,20.26892233,36.81832856
3/12/25 6:00,31.70659172,-64.05567927,19.84866944,33.26119722,0.514420556,20.27232667,36.81733678
3/12/25 7:00,31.68545984,-64.04437676,19.38318889,29.28913333,0.509668889,20.30904956,36.81901544
3/12/25 8:00,31.72033807,-63.99123141,19.50896667,21.32698056,0.397976111,20.53096417,36.85381322
3/12/25 9:00,31.75878179,-63.93479456,19.64850833,18.61495556,0.379151111,20.58896522,36.8545415
3/12/25 10:00,31.79540076,-63.8788978,19.181225,15.77077778,0.509652778,20.48476706,36.8442435
3/12/25 11:00,31.82970964,-63.83414045,18.94623056,17.87390833,0.572383333,20.47098839,36.82730483
3/12/25 12:00,31.85770531,-63.86222644,19.19674167,20.87882778,0.430891111,20.44745606,36.81499611
3/12/25 13:00,31.86852731,-63.8689096,19.55529167,23.76159444,0.354527222,20.42926983,36.80827061
3/12/25 14:00,31.8646078,-63.87373966,19.42696389,23.06524306,0.328870556,20.44720628,36.80975172
3/12/25 15:00,31.87378262,-63.86823639,20.03032222,28.74866667,0.311599444,20.46309833,36.80972028
3/12/25 16:00,31.86222603,-63.90718429,20.1147,31.57535556,0.297730556,20.47509733,36.81130428
3/12/25 17:00,31.84814813,-63.94512738,19.90588333,33.56534167,0.342295,20.42101289,36.80991906
3/12/25 18:00,31.8387846,-63.956676,20.17546944,29.99273333,0.341467778,20.44337839,36.81394544
3/12/25 19:00,31.85165295,-63.96378834,20.12689444,32.29456667,0.387945,20.45245706,36.81336706
3/12/25 20:00,31.8745748,-63.9245667,19.82384722,23.54893056,0.521284444,20.459482,36.81427833
3/12/25 21:00,31.90771068,-63.89006497,19.80632778,28.58581389,0.719786111,20.46024883,36.804406
3/12/25 22:00,31.94132409,-63.91071754,19.63435278,26.63120556,0.646783889,20.44879206,36.80676111
3/12/25 23:00,31.91594727,-63.88304044,19.72093889,21.13251111,0.602655,20.45815272,36.81146156
3/13/25,31.91674956,-63.86647528,19.6305,26.23841111,0.581001667,20.45463828,36.80887606
3/13/25 1:00,31.957933,-63.88640367,19.54185833,28.81503889,0.553462222,20.45970444,36.8068525
3/13/25 2:00,32.02668733,-63.91917759,19.69674444,25.00077778,0.521523333,20.430414,36.80525139
3/13/25 3:00,32.00583404,-63.88385798,20.00155833,21.06031944,0.502921667,20.428769,36.81046489
3/13/25 4:00,32.03886351,-63.88841796,19.43083333,25.61443611,0.522472222,20.39139778,36.8013925
3/13/25 5:00,32.08578518,-63.91104932,19.29453611,24.07449167,0.557648889,20.17189044,36.79186806
3/13/25 6:00,32.12006018,-63.92843163,19.41067222,19.14949167,0.569792222,19.88601906,36.77425167
3/13/25 7:00,32.07985774,-63.89977765,19.26668333,13.39066056,0.537165,20.23540494,36.79630844
3/13/25 8:00,32.00757595,-63.85724446,19.34201111,11.34309167,0.508656667,20.38574928,36.80923761
3/13/25 9:00,31.96211999,-63.80274954,19.14712778,15.7528625,0.547944444,20.38236456,36.80946222
3/13/25 10:00,31.97386228,-63.79428577,19.13886667,16.76664167,0.626122778,20.3758395,36.81025644
3/13/25 11:00,31.98465381,-63.79635871,19.59083056,11.72197611,0.578263333,20.38904378,36.81284639
3/13/25 12:00,31.96848556,-63.79184611,19.43074167,13.19015806,0.413320556,20.4102345,36.81279317
3/13/25 13:00,31.97711129,-63.78849708,19.57170278,9.445212222,0.351171111,20.418407,36.81134539
3/13/25 14:00,31.99837694,-63.78473655,19.40156667,10.28223056,0.267261667,20.46390456,36.81269028
3/13/25 15:00,32.00323228,-63.78250684,19.62766944,6.002757222,0.235625556,20.54260606,36.81385917
3/13/25 16:00,32.02028183,-63.77380432,19.73109722,5.192213333,0.227093333,20.65996667,36.81890572
3/13/25 17:00,32.00791816,-63.77639905,19.88108333,4.278276667,0.228812778,20.69193389,36.81398922
3/13/25 18:00,32.02277225,-63.76871208,19.83063611,3.533338611,0.229208333,20.81681561,36.81506589
3/13/25 19:00,32.0251735,-63.75925159,19.85741667,2.463516111,0.263025556,20.96307128,36.81774206
3/13/25 20:00,32.03637022,-63.74881863,19.89079167,3.611788333,0.327787778,20.96013233,36.82023772
3/13/25 21:00,32.04182518,-63.73418124,19.77469167,2.861295556,0.459277222,21.04094378,36.82745322
3/13/25 22:00,32.04325981,-63.72734725,19.4899,3.316125833,0.516750556,20.93244,36.82603567
3/13/25 23:00,32.04956194,-63.71650989,19.35064722,2.714489722,0.451956667,20.87933239,36.82981206
3/14/25,32.05098041,-63.71691921,19.33326111,3.323387222,0.445429444,20.81383044,36.82641167
3/14/25 1:00,32.0559455,-63.71155004,19.27423056,3.649091111,0.451182778,20.72863128,36.82244444
3/14/25 2:00,32.05965704,-63.70600934,19.21640278,3.568985833,0.449562778,20.65606344,36.81908078
3/14/25 3:00,32.05726999,-63.69536252,19.23298611,4.519098611,0.441012222,20.66740356,36.82438189
3/14/25 4:00,32.06828079,-63.68732468,19.22406667,3.810306389,0.433116111,20.66240178,36.82371022
3/14/25 5:00,32.07162849,-63.68583846,19.1383,3.587151111,0.443097778,20.56869439,36.81893722
3/14/25 6:00,32.07400249,-63.67885457,19.04681111,3.232119167,0.441200556,20.55869822,36.8197685
3/14/25 7:00,32.0718988,-63.67786548,18.95390556,3.232966944,0.431928889,20.56206144,36.82225794
3/14/25 8:00,32.08160144,-63.66978161,18.89137778,5.842973611,0.426753889,20.55741739,36.82190844
3/14/25 9:00,32.08668555,-63.66255656,18.83793056,6.752631389,0.429033889,20.53287039,36.820812
3/14/25 10:00,32.08998842,-63.65594413,18.92146944,6.3044275,0.490583889,20.50990572,36.81958111
3/14/25 11:00,32.09341471,-63.64897053,19.12068889,6.957953333,0.455049444,20.49826922,36.81914578
3/14/25 12:00,32.08971831,-63.64427635,19.41942222,9.241977778,0.302115556,20.48160606,36.81800867
3/14/25 13:00,32.09946902,-63.63660726,19.54064722,12.052605,0.241212778,20.52253539,36.81901783
3/14/25 14:00,32.09892946,-63.63422228,19.59301389,14.06940833,0.217122222,20.54781778,36.8199365
3/14/25 15:00,32.09699021,-63.62164229,19.93827778,14.12437833,0.205712222,20.58271806,36.82133806
3/14/25 16:00,32.10261541,-63.62420344,20.10546389,12.8104425,0.204298889,20.60535811,36.81972356
3/14/25 17:00,32.10649909,-63.61806111,20.29390278,11.71979639,0.211160556,20.64806633,36.82020706
3/14/25 18:00,32.11000222,-63.60904302,20.39338611,9.274882222,0.239674444,20.66315044,36.82020839
3/14/25 19:00,32.11794672,-63.60897485,20.43792222,8.055046944,0.285912778,20.71339006,36.82041022
3/14/25 20:00,32.12327709,-63.59237101,20.272975,9.274427778,0.319422222,20.76983861,36.82366544
3/14/25 21:00,32.1125389,-63.57487323,20.50576111,4.779151944,0.488510556,20.74608611,36.82530228
3/14/25 22:00,32.12700032,-63.56435845,20.21185833,5.823716389,0.476290556,20.706214,36.82464406
3/14/25 23:00,32.13751772,-63.54594252,20.05755278,7.219095833,0.417755556,20.69270306,36.83068078
3/15/25,32.11278009,-63.55167032,19.95311389,7.924689722,0.419441667,20.6446735,36.826876
3/15/25 1:00,32.11281155,-63.5471399,19.90410833,10.49710583,0.406410556,20.61841183,36.82790589
3/15/25 2:00,32.11568909,-63.54530013,19.83271389,10.86238222,0.403694444,20.60250594,36.82585939
3/15/25 3:00,32.09441945,-63.57587036,19.81849444,13.0019125,0.277295,20.88958861,36.88311067
3/15/25 4:00,32.10043348,-63.55466308,19.84563056,9.964329722,0.290960556,20.79711461,36.87269656
3/15/25 5:00,32.11257049,-63.53067896,19.67009722,12.65809056,0.395215,20.56558256,36.82835861
3/15/25 6:00,32.11599303,-63.53494918,19.55233611,12.73728778,0.399035556,20.53735894,36.82826756
3/15/25 7:00,32.11644638,-63.54126549,19.50380833,14.50260833,0.313482778,20.74153606,36.86658522
3/15/25 8:00,32.09916767,-63.50521766,19.60778333,15.57149722,0.426155,20.48475222,36.82238361
3/15/25 9:00,32.10396979,-63.49414263,19.74151944,12.18487139,0.425173333,20.48500672,36.82217428
3/15/25 10:00,32.09720793,-63.47943567,19.72903333,12.47749444,0.490219444,20.48253078,36.82457867
3/15/25 11:00,32.10392167,-63.47793856,19.8066,9.363271667,0.536665,20.47201517,36.82112633
3/15/25 12:00,32.11009637,-63.46959445,20.11221389,9.651653611,0.346821111,20.48790261,36.82167978
3/15/25 13:00,32.11037901,-63.46042966,20.23341389,11.16306278,0.264730556,20.50618767,36.82267406
3/15/25 14:00,32.11247316,-63.44948752,20.18608333,11.31810361,0.223385,20.54627194,36.82589544
3/15/25 15:00,32.10892721,-63.44943796,20.40787778,9.046393056,0.213602778,20.588331,36.82343378
3/15/25 16:00,32.10987518,-63.45710416,20.70928889,7.4059725,0.223485,20.62147222,36.82340611
3/15/25 17:00,32.13951724,-63.49234038,20.94430833,4.8961875,0.178093333,20.86135706,36.8618095
3/15/25 18:00,32.25548389,-63.61926746,21.25459722,3.798032778,0.170003889,20.96219372,36.87520672
3/15/25 19:00,32.38381949,-63.76351652,21.12023889,3.841786111,0.300228889,20.51064556,36.80074872
3/15/25 20:00,32.51774021,-63.91079296,20.62911389,5.274071667,0.406558333,20.410404,36.79276078
3/15/25 21:00,32.64768802,-64.05915991,19.90955556,8.116169167,0.564751667,20.32436778,36.79716822
3/15/25 22:00,32.76156961,-64.21715007,19.59552778,7.760274444,0.521145,20.43013522,36.81517194
3/15/25 23:00,32.87467894,-64.38111961,19.30914167,6.754746389,1.320841111,19.46791989,36.67179061
3/16/25,32.97025166,-64.55950003,19.25254444,6.017093611,1.421209444,19.46362872,36.66430344
3/16/25 1:00,33.05805712,-64.73999477,19.21375278,6.328801667,1.388458889,19.48292767,36.65085856
3/16/25 2:00,33.14403154,-64.92084766,19.12309444,6.365034444,1.418698333,19.43059561,36.6823035
3/16/25 3:00,33.22779206,-65.10303627,19.10622778,5.680219444,1.403971667,19.55010244,36.70819067
3/16/25 4:00,33.30768832,-65.28321656,19.20455278,4.180546944,1.604521111,19.50407944,36.70624928
3/16/25 5:00,33.3838561,-65.45559778,19.21313611,3.927163889,1.170147222,19.57733606,36.71332422
3/16/25 6:00,33.46421846,-65.62754554,19.33589722,4.388255278,1.177577778,19.58164122,36.71080433
3/16/25 7:00,33.54083386,-65.80329052,19.28301667,3.7952975,1.32445,19.52250389,36.69731061
3/16/25 8:00,33.61917989,-65.97964531,19.17791389,5.449779167,1.524795,19.340163,36.68089061
3/16/25 9:00,33.69298805,-66.16803376,19.11396389,6.122912222,1.226381111,19.51138811,36.7137505
3/16/25 10:00,33.77667824,-66.34884326,19.23331111,4.171929722,1.36793,19.48530322,36.71280733
3/16/25 11:00,33.85941879,-66.53183874,19.22349722,6.359595556,1.77455,19.44226233,36.70769944
3/16/25 12:00,33.93676331,-66.72265408,19.34889167,7.115575833,1.630347778,19.32734172,36.69991517
3/16/25 13:00,34.01555439,-66.91428867,19.41416944,7.052201944,1.302124444,19.31405667,36.6921815
3/16/25 14:00,34.09310488,-67.10340466,19.46848333,7.687430556,1.13757,19.25338817,36.67798467
3/16/25 15:00,34.16316473,-67.3033674,19.48837222,8.537166944,1.044849444,19.13419339,36.66774961
3/16/25 16:00,34.23253038,-67.49809567,19.49523333,7.714268056,1.060064444,19.21449206,36.68100844
3/16/25 17:00,34.31121368,-67.68054919,19.58444444,8.9864,0.756553333,19.7639635,36.71548972
3/16/25 18:00,34.39179186,-67.8626629,19.71418889,9.991335,0.547731111,19.82683767,36.72305894
3/16/25 19:00,34.47371891,-68.04863433,19.92005556,9.304191944,0.988582778,19.62121172,36.701365
3/16/25 20:00,34.60341436,-68.20103166,20.07275278,8.369243056,0.932630556,19.71365794,36.71794956
3/16/25 21:00,34.74062776,-68.34070488,19.94705278,8.490112778,1.15191,19.8014645,36.72574328
3/16/25 22:00,34.87874671,-68.48492632,19.83589722,9.249533611,1.4805,19.79520711,36.72861572
3/16/25 23:00,35.01894725,-68.63096281,19.7071,10.75056556,1.058646111,19.72280189,36.71817889
3/17/25,35.15524227,-68.79036318,19.50496944,12.33793306,1.16313,19.66679178,36.71692839
3/17/25 1:00,35.28878954,-68.95688655,19.42965833,13.00677333,1.341858889,19.59902356,36.71616028
3/17/25 2:00,35.41298739,-69.1204264,19.34833611,15.41721167,1.771836667,19.40240006,36.71212178
3/17/25 3:00,35.53787365,-69.27105585,19.29069444,16.77359167,1.543066667,19.42067389,36.71749278
3/17/25 4:00,35.6689147,-69.40355318,19.28587778,17.31617944,1.468843889,19.370615,36.71515839
3/17/25 5:00,35.80115251,-69.53205564,19.35878333,18.66683611,1.155534444,19.540935,36.73154289
3/17/25 6:00,35.93698424,-69.66704775,19.34461944,19.59338611,1.364072778,19.43982389,36.721249
3/17/25 7:00,36.07730969,-69.80689513,19.45916944,19.97812778,0.852948333,19.65877333,36.73077578
3/17/25 8:00,36.22147659,-69.93449173,20.12436944,20.74604722,0.910170556,19.62509661,36.73718139
3/17/25 9:00,36.374017,-70.03522549,21.70601944,20.59901944,0.744553889,19.65925044,36.73091322
3/17/25 10:00,36.52842096,-70.12237163,21.23209167,21.58765278,1.141974444,19.11854583,36.70006367
3/17/25 11:00,36.68856299,-70.16930273,21.79723056,19.85202306,1.138690556,19.27501639,36.71495389
3/17/25 12:00,36.85449365,-70.20064774,22.01882222,20.287325,0.759198333,19.5130675,36.73290411
3/17/25 13:00,37.02280434,-70.21844705,22.06250833,21.41665556,0.71136,21.30442767,36.72381183
3/17/25 14:00,37.18802843,-70.20676709,21.63083889,23.52993056,0.533571667,21.92377883,36.71162972
3/17/25 15:00,37.35781779,-70.17220323,21.45718333,23.16466944,0.580557778,22.02743211,36.71131389
3/17/25 16:00,37.54154382,-70.14214218,22.91165,24.72267778,0.799768333,22.69393139,36.57219533
3/17/25 17:00,37.73032958,-70.13395626,19.38805278,22.287975,1.73536,13.49767978,34.34593739
3/17/25 18:00,37.89740154,-70.19838651,16.329475,16.53276111,2.375041111,10.77282183,33.78318833
3/17/25 19:00,38.05586181,-70.30248851,17.59262778,17.68645278,2.59895,12.006102,34.16665317
3/17/25 20:00,38.20803568,-70.39274646,16.42563889,13.98964444,2.202658333,9.778301333,33.47719017
3/17/25 21:00,38.35913473,-70.48134425,16.48180278,13.36092306,2.525684444,12.30346217,34.22315194
3/17/25 22:00,38.5240972,-70.53436893,16.04958333,15.660405,2.678382778,13.73959578,34.61459356
3/17/25 23:00,38.6951086,-70.57438843,15.41852222,14.93045056,2.20139,11.47667139,33.91754922
3/18/25,38.8670283,-70.62227498,13.0496,19.70014722,2.036538333,11.61760417,33.91152389
3/18/25 1:00,39.03026284,-70.67040259,11.03749167,17.97001667,1.792645556,7.668170167,32.63534789
3/18/25 2:00,39.1904414,-70.71414336,8.688125,28.55814444,1.879023333,8.815709611,33.20134133
3/18/25 3:00,39.34414453,-70.75685811,7.508064444,30.23703333,1.863042222,7.066883833,32.68330872
3/18/25 4:00,39.49414385,-70.80631748,7.058385833,32.08253889,2.031635556,6.231454667,32.40974844
3/18/25 5:00,39.64874443,-70.85280787,6.511566389,29.47930556,2.2703,6.109199444,32.33385856
3/18/25 6:00,39.77993908,-70.88265406,6.176806389,25.81096111,2.233333889,6.0239155,32.34246689
3/18/25 7:00,39.81920251,-70.88440887,6.076403889,19.25671306,2.32675,6.038232833,32.35406272
3/18/25 8:00,39.72590421,-70.85780947,6.141628056,19.8682,2.552203889,6.020948056,32.3645495
3/18/25 9:00,NA,NA,5.744895,34.53116667,3.129608333,6.087754167,32.38293906
3/18/25 10:00,39.74732065,-70.90448367,5.533780556,25.16969444,3.07762,6.061046944,32.3878
3/18/25 11:00,39.71294002,-70.89621124,5.314687222,32.42916111,5.825924444,7.731018667,32.38471194
3/18/25 12:00,NA,NA,4.811997778,33.66201944,4.647208889,7.025041667,32.40206856
3/18/25 13:00,39.77603632,-70.90299888,4.686028889,35.85176111,4.658055,7.423449056,32.40858978
3/18/25 14:00,NA,NA,5.046073889,34.10049444,2.906544444,6.130496167,32.42905511
3/18/25 15:00,39.83216786,-70.90433476,4.989719722,32.96203333,3.058973333,6.3644215,32.43270106
3/18/25 16:00,39.86316758,-70.90367712,5.107091667,31.21540278,2.557156667,6.234542556,32.42660089
3/18/25 17:00,39.8297616,-70.92283466,5.588064722,22.11968611,2.281542222,5.997419944,32.44175294
3/18/25 18:00,39.76060272,-70.9565383,5.350715278,21.0295,2.335505556,5.942894278,32.43522967
3/18/25 19:00,39.74118467,-70.95348148,5.204975,29.20190556,2.468707778,5.964515389,32.43280667
3/18/25 20:00,39.7551992,-70.92593204,5.037757222,30.85137778,2.844588889,5.944337944,32.43510783
3/18/25 21:00,39.76904242,-70.89753468,4.990486111,27.85076944,3.037255556,5.926169222,32.43032572
3/18/25 22:00,39.78552444,-70.88035086,5.508810556,24.29101111,3.174816111,5.924921944,32.42714894
3/18/25 23:00,39.78359429,-70.88048971,5.445000556,26.83069722,3.511358333,5.939247389,32.42916194
3/19/25,39.80170628,-70.87632251,5.265090833,31.385575,3.479172778,5.954627222,32.433678
3/19/25 1:00,39.84636555,-70.85987536,5.322655,30.55915833,3.434588889,5.974109167,32.44268883
3/19/25 2:00,39.89052131,-70.84239379,5.4234,28.96436667,3.451048333,5.999153444,32.44769422
3/19/25 3:00,39.87646489,-70.84289119,5.669506667,17.76826667,3.395960556,5.953733667,32.45394156
3/19/25 4:00,39.78387394,-70.88029291,6.320097778,18.68505917,3.446963889,5.932588556,32.43473317
3/19/25 5:00,39.77555936,-70.88764319,5.646072222,23.64988056,3.485957778,5.920180944,32.42783756
3/19/25 6:00,39.78789299,-70.8954544,5.629547778,22.354975,3.326301111,5.905697167,32.43412622
3/19/25 7:00,39.77939645,-70.89109345,5.724426389,16.93161028,3.338657222,5.916504389,32.43379628
3/19/25 8:00,NA,NA,5.43287,21.26566944,3.468873889,5.921747611,32.42844461
3/19/25 9:00,39.75038578,-70.91921586,5.580957222,19.31159556,3.562276111,5.914130333,32.43259189
3/19/25 10:00,39.73110478,-70.93107787,5.439236944,21.01884722,3.389269444,5.935236167,32.431465
3/19/25 11:00,39.72771585,-70.944296,5.418056111,18.45630306,3.471886667,5.920221278,32.43283733
3/19/25 12:00,39.72149246,-70.94835165,5.217574722,19.76158333,3.280345,5.901585278,32.43166944
3/19/25 13:00,39.71680126,-70.96483694,4.978008611,20.33247389,3.097996111,5.930012167,32.43384394
3/19/25 14:00,39.71397381,-70.98013743,5.024141389,20.46340417,2.727785,5.946631167,32.43537494
3/19/25 15:00,39.71611834,-70.99247374,4.926644722,21.23811278,2.270773333,5.976232889,32.43425817
3/19/25 16:00,39.7171024,-70.98997058,4.800516389,21.09540556,1.941385556,5.971681389,32.43176522
3/19/25 17:00,39.72030003,-71.00187516,4.932761944,20.32629972,2.032727222,5.992714222,32.4322045
3/19/25 18:00,39.73209213,-71.01174189,5.042297778,22.10433333,2.428526667,5.999533111,32.43371139
3/19/25 19:00,39.74668184,-71.0146307,5.118526667,21.12196944,2.706826667,6.0071295,32.43624256
3/19/25 20:00,39.73800699,-71.03208924,5.340163611,15.05505333,3.082314444,6.018831,32.43566528
3/19/25 21:00,39.70959643,-71.05471703,5.066231389,18.61341944,3.67188,6.015175333,32.43845339
3/19/25 22:00,39.72957825,-71.03423002,4.921663056,20.28078333,3.939888333,6.001628722,32.43526083
3/19/25 23:00,39.71757282,-70.99635347,4.761284167,16.97291444,4.034802222,5.994624333,32.44444772
3/20/25,39.69231149,-71.0559864,4.708003333,14.04617056,3.870083333,5.990040667,32.45071417
3/20/25 1:00,39.68723439,-71.07489483,4.552541111,16.80916333,3.716017222,5.976025,32.45974522
3/20/25 2:00,39.70052041,-71.10224219,4.496006944,14.91636028,3.617063889,5.998678889,32.44394283
3/20/25 3:00,39.7010032,-71.12079872,4.662119722,13.90447667,3.739980556,6.021836,32.44693567
3/20/25 4:00,NA,NA,4.726257222,14.89886667,3.744808333,6.018729389,32.44418328
3/20/25 5:00,39.7013704,-71.13059272,4.6098525,12.8325075,3.777591667,6.028915111,32.44293106
3/20/25 6:00,39.70035799,-71.13986434,4.424945,9.094118056,3.712843889,6.003285833,32.44239644
3/20/25 7:00,39.69984016,-71.15329083,4.238801667,8.286436667,3.670797778,5.995890889,32.44341622
3/20/25 8:00,39.70226195,-71.16831836,4.368517778,7.330839722,3.625364444,5.999646389,32.4452205
3/20/25 9:00,39.704114,-71.17623608,4.4844225,7.393842778,3.649612778,5.990132833,32.44542611
3/20/25 10:00,39.70375254,-71.18292552,4.623864722,9.622989167,3.820987222,5.994076389,32.44603767
3/20/25 11:00,39.70354289,-71.19047764,4.263954444,11.57125806,3.995364444,6.011501444,32.44632056
3/20/25 12:00,NA,NA,4.167462222,13.77152389,3.577537778,6.000792667,32.45005494
3/20/25 13:00,39.69809359,-71.20985152,4.297439722,16.49196389,2.721969444,6.009419889,32.44884611
3/20/25 14:00,39.69713437,-71.21209665,4.651853056,9.465596111,2.051703333,6.044497333,32.44708689
3/20/25 15:00,39.69127353,-71.22733502,5.182111389,7.1475575,1.412950556,6.129574611,32.448798
3/20/25 16:00,39.68903077,-71.21102754,5.485189722,8.535305278,0.796407778,6.273589722,32.44189489
3/20/25 17:00,39.68919094,-71.23875087,5.735051389,4.424914722,0.643037222,6.379878111,32.44533606
3/20/25 18:00,39.6912453,-71.24513156,6.21967,5.031053056,0.587303889,6.490504611,32.44438239
3/20/25 19:00,39.69313797,-71.22214392,6.451861667,4.21958,0.621901111,6.586563167,32.43678883
3/20/25 20:00,39.69615731,-71.22706973,6.435449444,8.3519625,1.217292778,6.625342444,32.4358765
3/20/25 21:00,39.69559657,-71.27043796,6.680350556,9.986024722,2.613629444,6.466537611,32.44366583
3/20/25 22:00,39.69755738,-71.28337507,6.365726667,14.23184639,3.629796667,6.422001778,32.44537922
3/20/25 23:00,NA,NA,6.504556111,13.73695417,4.404248333,6.336410444,32.44260006
3/21/25,39.69808703,-71.30887259,6.515489167,18.42628056,5.401229444,6.228278944,32.44827767
3/21/25 1:00,39.70416767,-71.29630143,6.735326944,20.75089167,4.804470556,6.230261278,32.44635267
3/21/25 2:00,39.78382546,-71.15408874,6.824905556,18.33206944,3.819801111,6.419074556,32.441258
3/21/25 3:00,39.8834371,-70.9716395,6.491731667,19.70745194,3.194468333,6.248338167,32.37414111
3/21/25 4:00,40.0295551,-70.88500707,6.746868611,12.12906194,2.778390556,6.015637111,32.33790961
3/21/25 5:00,40.20951478,-70.89069276,7.644909722,12.53240278,3.558666667,6.331320444,32.48478033
3/21/25 6:00,40.39061292,-70.89662045,7.919906667,11.41492722,3.494338333,6.339292889,32.58351561
3/21/25 7:00,40.57142723,-70.90110113,7.754603056,5.996785278,2.882321111,5.488214111,32.57730217
3/21/25 8:00,40.75140189,-70.9070722,7.701908611,6.589595,1.754996667,5.3365575,32.58321317
3/21/25 9:00,40.92937698,-70.90488185,7.054226944,7.402371667,1.59171,5.4645745,32.64217978
3/21/25 10:00,41.09696129,-70.85233149,6.866809167,11.10375972,1.400363333,4.929536389,32.45683556
3/21/25 11:00,41.25582131,-70.89453088,6.507919167,19.71748611,1.195066111,5.123624889,32.29087006
3/21/25 12:00,41.40063733,-70.82540363,6.493442778,19.26021389,1.712225,5.598286278,32.22917583
3/21/25 13:00,41.48886087,-70.700501,6.613213889,23.13450667,2.519863889,7.253052778,25.94225967
3/21/25 14:00,41.52345542,-70.67187047,6.657983471,12.49941322,0.740330579,15.92396942,0.207038843